,name,area,url
0,<built-in method encode of unicode object at 0x10a3fb4b0>,湖南省长沙市雨花区,http://19818064.11315.com
1,<built-in method encode of unicode object at 0x10a537ba0>,山东省东营市东营区,http://12226298.11315.com
2,<built-in method encode of unicode object at 0x10a537cf0>,山东省济宁市嘉祥县,http://37714441.11315.com
3,<built-in method encode of unicode object at 0x10a537d80>,山西省晋城市泽州县,http://19818544.11315.com
4,<built-in method encode of unicode object at 0x10a537de0>,河南省鹤壁市淇滨区,http://15862320.11315.com
5,<built-in method encode of unicode object at 0x10a537e70>,河北省邯郸市武安市,http://12751897.11315.com
6,<built-in method encode of unicode object at 0x10a537f00>,河南省濮阳市华龙区,http://15864401.11315.com
7,<built-in method encode of unicode object at 0x10a537f90>,河南省濮阳市,http://33862695.11315.com
8,<built-in method encode of unicode object at 0x10a53c060>,湖北省十堰市茅箭区二堰街道高校园社区,http://54638551.11315.com
9,<built-in method encode of unicode object at 0x10a53c0f0>,山东省烟台市芝罘区,http://09087572.11315.com
10,<built-in method encode of unicode object at 0x10a53c180>,内蒙古包头市昆都仑,http://15171605.11315.com
11,<built-in method encode of unicode object at 0x10a53c210>,山东省东营市东营区,http://12201138.11315.com
12,<built-in method encode of unicode object at 0x10a53c2a0>,山东省东营市东营区,http://12220288.11315.com
13,<built-in method encode of unicode object at 0x10a53c330>,广东省韶关市曲江区马坝镇,http://38116338.11315.com
14,<built-in method encode of unicode object at 0x10a53c3c0>,山东省济南市历城区,http://12026084.11315.com
15,<built-in method encode of unicode object at 0x10a53c450>,新疆伊犁伊宁市,http://29003745.11315.com
16,<built-in method encode of unicode object at 0x10a53c4e0>,安徽省安庆市大观区大观开发区,http://44633961.11315.com
17,<built-in method encode of unicode object at 0x10a53c570>,江苏省徐州市丰县,http://15284271.11315.com
18,<built-in method encode of unicode object at 0x10a53c600>,安徽省马鞍山花山区,http://00126708.11315.com
19,<built-in method encode of unicode object at 0x10a53c690>,湖北省十堰市茅箭区五堰街道南街社区,http://24066539.11315.com
20,<built-in method encode of unicode object at 0x10a53c720>,河南省南阳市,http://04622017.11315.com
21,<built-in method encode of unicode object at 0x10a53c7b0>,吉林省通化市二道江区,http://24651187.11315.com
22,<built-in method encode of unicode object at 0x10a53c840>,山东省东营市东营区,http://12224824.11315.com
23,<built-in method encode of unicode object at 0x10a53c8d0>,山东省威海市荣成市,http://50605421.11315.com
24,<built-in method encode of unicode object at 0x10a53c960>,山东省潍坊市青州市,http://12275015.11315.com
25,<built-in method encode of unicode object at 0x10a53c9f0>,湖南省长沙市雨花区,http://67941664.11315.com
26,<built-in method encode of unicode object at 0x10a53ca80>,江西省九江市浔阳区,http://24672378.11315.com
27,<built-in method encode of unicode object at 0x10a53cb10>,辽宁省葫芦岛市龙港区,http://07478069.11315.com
28,<built-in method encode of unicode object at 0x10a53cba0>,山东省 潍坊市 青州市,http://09069163.11315.com
29,<built-in method encode of unicode object at 0x10a53cc30>,湖南省郴州市北湖区,http://65913055.11315.com
